name,description,price,category,subcategory,group,inStock,image,quantity
iPhone Smartphones Model A 2021,"This is a premium iPhone Smartphones Model A 2021 designed for ultimate performance and style. Featuring the latest technology in smartphones category.",27270.70,Smartphones,iPhone,Premium,FALSE,https://images.unsplash.com/photo-1510557880182-3d4d3cba35a5?q=80&w=800&auto=format&fit=crop,0
iPhone Smartphones Model B 2022,"This is a premium iPhone Smartphones Model B 2022 designed for ultimate performance and style. Featuring the latest technology in smartphones category.",22102.99,Smartphones,iPhone,Premium,TRUE,https://images.unsplash.com/photo-1510557880182-3d4d3cba35a5?q=80&w=800&auto=format&fit=crop,56
iPhone Smartphones Model C 2023,"This is a premium iPhone Smartphones Model C 2023 designed for ultimate performance and style. Featuring the latest technology in smartphones category.",12623.72,Smartphones,iPhone,Premium,FALSE,https://images.unsplash.com/photo-1510557880182-3d4d3cba35a5?q=80&w=800&auto=format&fit=crop,0
iPhone Smartphones Model D 2024,"This is a premium iPhone Smartphones Model D 2024 designed for ultimate performance and style. Featuring the latest technology in smartphones category.",23243.07,Smartphones,iPhone,Premium,FALSE,https://images.unsplash.com/photo-1510557880182-3d4d3cba35a5?q=80&w=800&auto=format&fit=crop,0
iPhone Smartphones Model E 2025,"This is a premium iPhone Smartphones Model E 2025 designed for ultimate performance and style. Featuring the latest technology in smartphones category.",33435.04,Smartphones,iPhone,Premium,TRUE,https://images.unsplash.com/photo-1510557880182-3d4d3cba35a5?q=80&w=800&auto=format&fit=crop,10
iPhone Smartphones Model F 2026,"This is a premium iPhone Smartphones Model F 2026 designed for ultimate performance and style. Featuring the latest technology in smartphones category.",13520.88,Smartphones,iPhone,Premium,TRUE,https://images.unsplash.com/photo-1510557880182-3d4d3cba35a5?q=80&w=800&auto=format&fit=crop,79
iPhone Smartphones Model G 2027,"This is a premium iPhone Smartphones Model G 2027 designed for ultimate performance and style. Featuring the latest technology in smartphones category.",25525.48,Smartphones,iPhone,Premium,TRUE,https://images.unsplash.com/photo-1510557880182-3d4d3cba35a5?q=80&w=800&auto=format&fit=crop,71
iPhone Smartphones Model H 2028,"This is a premium iPhone Smartphones Model H 2028 designed for ultimate performance and style. Featuring the latest technology in smartphones category.",14847.91,Smartphones,iPhone,Premium,TRUE,https://images.unsplash.com/photo-1510557880182-3d4d3cba35a5?q=80&w=800&auto=format&fit=crop,83
iPhone Smartphones Model I 2029,"This is a premium iPhone Smartphones Model I 2029 designed for ultimate performance and style. Featuring the latest technology in smartphones category.",40824.20,Smartphones,iPhone,Premium,TRUE,https://images.unsplash.com/photo-1510557880182-3d4d3cba35a5?q=80&w=800&auto=format&fit=crop,36
iPhone Smartphones Model J 2030,"This is a premium iPhone Smartphones Model J 2030 designed for ultimate performance and style. Featuring the latest technology in smartphones category.",35778.56,Smartphones,iPhone,Premium,TRUE,https://images.unsplash.com/photo-1510557880182-3d4d3cba35a5?q=80&w=800&auto=format&fit=crop,72
Samsung Smartphones Model A 2021,"This is a premium Samsung Smartphones Model A 2021 designed for ultimate performance and style. Featuring the latest technology in smartphones category.",29374.49,Smartphones,Samsung,Premium,TRUE,https://images.unsplash.com/photo-1610945265064-0e34e5519bbf?q=80&w=800&auto=format&fit=crop,85
Samsung Smartphones Model B 2022,"This is a premium Samsung Smartphones Model B 2022 designed for ultimate performance and style. Featuring the latest technology in smartphones category.",8768.35,Smartphones,Samsung,Premium,TRUE,https://images.unsplash.com/photo-1610945265064-0e34e5519bbf?q=80&w=800&auto=format&fit=crop,40
Samsung Smartphones Model C 2023,"This is a premium Samsung Smartphones Model C 2023 designed for ultimate performance and style. Featuring the latest technology in smartphones category.",22319.44,Smartphones,Samsung,Premium,TRUE,https://images.unsplash.com/photo-1610945265064-0e34e5519bbf?q=80&w=800&auto=format&fit=crop,42
Samsung Smartphones Model D 2024,"This is a premium Samsung Smartphones Model D 2024 designed for ultimate performance and style. Featuring the latest technology in smartphones category.",14944.20,Smartphones,Samsung,Premium,FALSE,https://images.unsplash.com/photo-1610945265064-0e34e5519bbf?q=80&w=800&auto=format&fit=crop,0
Samsung Smartphones Model E 2025,"This is a premium Samsung Smartphones Model E 2025 designed for ultimate performance and style. Featuring the latest technology in smartphones category.",49585.29,Smartphones,Samsung,Premium,TRUE,https://images.unsplash.com/photo-1610945265064-0e34e5519bbf?q=80&w=800&auto=format&fit=crop,21
Samsung Smartphones Model F 2026,"This is a premium Samsung Smartphones Model F 2026 designed for ultimate performance and style. Featuring the latest technology in smartphones category.",36231.69,Smartphones,Samsung,Premium,TRUE,https://images.unsplash.com/photo-1610945265064-0e34e5519bbf?q=80&w=800&auto=format&fit=crop,60
Samsung Smartphones Model G 2027,"This is a premium Samsung Smartphones Model G 2027 designed for ultimate performance and style. Featuring the latest technology in smartphones category.",44523.37,Smartphones,Samsung,Premium,TRUE,https://images.unsplash.com/photo-1610945265064-0e34e5519bbf?q=80&w=800&auto=format&fit=crop,32
Samsung Smartphones Model H 2028,"This is a premium Samsung Smartphones Model H 2028 designed for ultimate performance and style. Featuring the latest technology in smartphones category.",31882.18,Smartphones,Samsung,Premium,TRUE,https://images.unsplash.com/photo-1610945265064-0e34e5519bbf?q=80&w=800&auto=format&fit=crop,62
Samsung Smartphones Model I 2029,"This is a premium Samsung Smartphones Model I 2029 designed for ultimate performance and style. Featuring the latest technology in smartphones category.",22071.78,Smartphones,Samsung,Premium,TRUE,https://images.unsplash.com/photo-1610945265064-0e34e5519bbf?q=80&w=800&auto=format&fit=crop,31
Samsung Smartphones Model J 2030,"This is a premium Samsung Smartphones Model J 2030 designed for ultimate performance and style. Featuring the latest technology in smartphones category.",7358.88,Smartphones,Samsung,Premium,TRUE,https://images.unsplash.com/photo-1610945265064-0e34e5519bbf?q=80&w=800&auto=format&fit=crop,96
Oppo Smartphones Model A 2021,"This is a premium Oppo Smartphones Model A 2021 designed for ultimate performance and style. Featuring the latest technology in smartphones category.",16657.62,Smartphones,Oppo,Premium,TRUE,https://images.unsplash.com/photo-1598327105666-5b89351aff97?q=80&w=800&auto=format&fit=crop,72
Oppo Smartphones Model B 2022,"This is a premium Oppo Smartphones Model B 2022 designed for ultimate performance and style. Featuring the latest technology in smartphones category.",17852.97,Smartphones,Oppo,Premium,TRUE,https://images.unsplash.com/photo-1598327105666-5b89351aff97?q=80&w=800&auto=format&fit=crop,34
Oppo Smartphones Model C 2023,"This is a premium Oppo Smartphones Model C 2023 designed for ultimate performance and style. Featuring the latest technology in smartphones category.",10187.16,Smartphones,Oppo,Premium,FALSE,https://images.unsplash.com/photo-1598327105666-5b89351aff97?q=80&w=800&auto=format&fit=crop,0
Oppo Smartphones Model D 2024,"This is a premium Oppo Smartphones Model D 2024 designed for ultimate performance and style. Featuring the latest technology in smartphones category.",21273.28,Smartphones,Oppo,Premium,TRUE,https://images.unsplash.com/photo-1598327105666-5b89351aff97?q=80&w=800&auto=format&fit=crop,84
Oppo Smartphones Model E 2025,"This is a premium Oppo Smartphones Model E 2025 designed for ultimate performance and style. Featuring the latest technology in smartphones category.",45257.08,Smartphones,Oppo,Premium,TRUE,https://images.unsplash.com/photo-1598327105666-5b89351aff97?q=80&w=800&auto=format&fit=crop,78
Oppo Smartphones Model F 2026,"This is a premium Oppo Smartphones Model F 2026 designed for ultimate performance and style. Featuring the latest technology in smartphones category.",43595.90,Smartphones,Oppo,Premium,TRUE,https://images.unsplash.com/photo-1598327105666-5b89351aff97?q=80&w=800&auto=format&fit=crop,94
Oppo Smartphones Model G 2027,"This is a premium Oppo Smartphones Model G 2027 designed for ultimate performance and style. Featuring the latest technology in smartphones category.",44443.87,Smartphones,Oppo,Premium,TRUE,https://images.unsplash.com/photo-1598327105666-5b89351aff97?q=80&w=800&auto=format&fit=crop,48
Oppo Smartphones Model H 2028,"This is a premium Oppo Smartphones Model H 2028 designed for ultimate performance and style. Featuring the latest technology in smartphones category.",27497.17,Smartphones,Oppo,Premium,TRUE,https://images.unsplash.com/photo-1598327105666-5b89351aff97?q=80&w=800&auto=format&fit=crop,38
Oppo Smartphones Model I 2029,"This is a premium Oppo Smartphones Model I 2029 designed for ultimate performance and style. Featuring the latest technology in smartphones category.",10595.06,Smartphones,Oppo,Premium,TRUE,https://images.unsplash.com/photo-1598327105666-5b89351aff97?q=80&w=800&auto=format&fit=crop,19
Oppo Smartphones Model J 2030,"This is a premium Oppo Smartphones Model J 2030 designed for ultimate performance and style. Featuring the latest technology in smartphones category.",12994.07,Smartphones,Oppo,Premium,TRUE,https://images.unsplash.com/photo-1598327105666-5b89351aff97?q=80&w=800&auto=format&fit=crop,74
Vivo Smartphones Model A 2021,"This is a premium Vivo Smartphones Model A 2021 designed for ultimate performance and style. Featuring the latest technology in smartphones category.",43346.72,Smartphones,Vivo,Standard,TRUE,https://images.unsplash.com/photo-1511707171634-5f897ff02aa9?q=80&w=800&auto=format&fit=crop,16
Vivo Smartphones Model B 2022,"This is a premium Vivo Smartphones Model B 2022 designed for ultimate performance and style. Featuring the latest technology in smartphones category.",23367.06,Smartphones,Vivo,Standard,TRUE,https://images.unsplash.com/photo-1511707171634-5f897ff02aa9?q=80&w=800&auto=format&fit=crop,75
Vivo Smartphones Model C 2023,"This is a premium Vivo Smartphones Model C 2023 designed for ultimate performance and style. Featuring the latest technology in smartphones category.",37673.42,Smartphones,Vivo,Standard,TRUE,https://images.unsplash.com/photo-1511707171634-5f897ff02aa9?q=80&w=800&auto=format&fit=crop,11
Vivo Smartphones Model D 2024,"This is a premium Vivo Smartphones Model D 2024 designed for ultimate performance and style. Featuring the latest technology in smartphones category.",17543.34,Smartphones,Vivo,Standard,TRUE,https://images.unsplash.com/photo-1511707171634-5f897ff02aa9?q=80&w=800&auto=format&fit=crop,45
Vivo Smartphones Model E 2025,"This is a premium Vivo Smartphones Model E 2025 designed for ultimate performance and style. Featuring the latest technology in smartphones category.",18395.80,Smartphones,Vivo,Standard,TRUE,https://images.unsplash.com/photo-1511707171634-5f897ff02aa9?q=80&w=800&auto=format&fit=crop,47
Vivo Smartphones Model F 2026,"This is a premium Vivo Smartphones Model F 2026 designed for ultimate performance and style. Featuring the latest technology in smartphones category.",31727.26,Smartphones,Vivo,Standard,TRUE,https://images.unsplash.com/photo-1511707171634-5f897ff02aa9?q=80&w=800&auto=format&fit=crop,66
Vivo Smartphones Model G 2027,"This is a premium Vivo Smartphones Model G 2027 designed for ultimate performance and style. Featuring the latest technology in smartphones category.",37704.60,Smartphones,Vivo,Standard,TRUE,https://images.unsplash.com/photo-1511707171634-5f897ff02aa9?q=80&w=800&auto=format&fit=crop,85
Vivo Smartphones Model H 2028,"This is a premium Vivo Smartphones Model H 2028 designed for ultimate performance and style. Featuring the latest technology in smartphones category.",44356.31,Smartphones,Vivo,Standard,TRUE,https://images.unsplash.com/photo-1511707171634-5f897ff02aa9?q=80&w=800&auto=format&fit=crop,80
Vivo Smartphones Model I 2029,"This is a premium Vivo Smartphones Model I 2029 designed for ultimate performance and style. Featuring the latest technology in smartphones category.",49519.92,Smartphones,Vivo,Standard,TRUE,https://images.unsplash.com/photo-1511707171634-5f897ff02aa9?q=80&w=800&auto=format&fit=crop,99
Vivo Smartphones Model J 2030,"This is a premium Vivo Smartphones Model J 2030 designed for ultimate performance and style. Featuring the latest technology in smartphones category.",6743.44,Smartphones,Vivo,Standard,TRUE,https://images.unsplash.com/photo-1511707171634-5f897ff02aa9?q=80&w=800&auto=format&fit=crop,43
OnePlus Smartphones Model A 2021,"This is a premium OnePlus Smartphones Model A 2021 designed for ultimate performance and style. Featuring the latest technology in smartphones category.",18043.40,Smartphones,OnePlus,Standard,TRUE,https://images.unsplash.com/photo-1567581935884-3349723552ca?q=80&w=800&auto=format&fit=crop,14
OnePlus Smartphones Model B 2022,"This is a premium OnePlus Smartphones Model B 2022 designed for ultimate performance and style. Featuring the latest technology in smartphones category.",28336.26,Smartphones,OnePlus,Standard,TRUE,https://images.unsplash.com/photo-1567581935884-3349723552ca?q=80&w=800&auto=format&fit=crop,54
OnePlus Smartphones Model C 2023,"This is a premium OnePlus Smartphones Model C 2023 designed for ultimate performance and style. Featuring the latest technology in smartphones category.",47737.47,Smartphones,OnePlus,Standard,TRUE,https://images.unsplash.com/photo-1567581935884-3349723552ca?q=80&w=800&auto=format&fit=crop,53
OnePlus Smartphones Model D 2024,"This is a premium OnePlus Smartphones Model D 2024 designed for ultimate performance and style. Featuring the latest technology in smartphones category.",15292.50,Smartphones,OnePlus,Standard,TRUE,https://images.unsplash.com/photo-1567581935884-3349723552ca?q=80&w=800&auto=format&fit=crop,81
OnePlus Smartphones Model E 2025,"This is a premium OnePlus Smartphones Model E 2025 designed for ultimate performance and style. Featuring the latest technology in smartphones category.",19045.51,Smartphones,OnePlus,Standard,TRUE,https://images.unsplash.com/photo-1567581935884-3349723552ca?q=80&w=800&auto=format&fit=crop,61
OnePlus Smartphones Model F 2026,"This is a premium OnePlus Smartphones Model F 2026 designed for ultimate performance and style. Featuring the latest technology in smartphones category.",28745.18,Smartphones,OnePlus,Standard,TRUE,https://images.unsplash.com/photo-1567581935884-3349723552ca?q=80&w=800&auto=format&fit=crop,85
OnePlus Smartphones Model G 2027,"This is a premium OnePlus Smartphones Model G 2027 designed for ultimate performance and style. Featuring the latest technology in smartphones category.",33842.25,Smartphones,OnePlus,Standard,TRUE,https://images.unsplash.com/photo-1567581935884-3349723552ca?q=80&w=800&auto=format&fit=crop,43
OnePlus Smartphones Model H 2028,"This is a premium OnePlus Smartphones Model H 2028 designed for ultimate performance and style. Featuring the latest technology in smartphones category.",16388.46,Smartphones,OnePlus,Standard,TRUE,https://images.unsplash.com/photo-1567581935884-3349723552ca?q=80&w=800&auto=format&fit=crop,85
OnePlus Smartphones Model I 2029,"This is a premium OnePlus Smartphones Model I 2029 designed for ultimate performance and style. Featuring the latest technology in smartphones category.",11056.38,Smartphones,OnePlus,Standard,TRUE,https://images.unsplash.com/photo-1567581935884-3349723552ca?q=80&w=800&auto=format&fit=crop,67
OnePlus Smartphones Model J 2030,"This is a premium OnePlus Smartphones Model J 2030 designed for ultimate performance and style. Featuring the latest technology in smartphones category.",21328.30,Smartphones,OnePlus,Standard,TRUE,https://images.unsplash.com/photo-1567581935884-3349723552ca?q=80&w=800&auto=format&fit=crop,97
Macbook Laptop Model A 2021,"This is a premium Macbook Laptop Model A 2021 designed for ultimate performance and style. Featuring the latest technology in laptop category.",15577.76,Laptop,Macbook,Premium,FALSE,https://images.unsplash.com/photo-1517336715481-b51218b51d1a?q=80&w=800&auto=format&fit=crop,0
Macbook Laptop Model B 2022,"This is a premium Macbook Laptop Model B 2022 designed for ultimate performance and style. Featuring the latest technology in laptop category.",10242.92,Laptop,Macbook,Premium,TRUE,https://images.unsplash.com/photo-1517336715481-b51218b51d1a?q=80&w=800&auto=format&fit=crop,87
Macbook Laptop Model C 2023,"This is a premium Macbook Laptop Model C 2023 designed for ultimate performance and style. Featuring the latest technology in laptop category.",12393.84,Laptop,Macbook,Premium,TRUE,https://images.unsplash.com/photo-1517336715481-b51218b51d1a?q=80&w=800&auto=format&fit=crop,26
Macbook Laptop Model D 2024,"This is a premium Macbook Laptop Model D 2024 designed for ultimate performance and style. Featuring the latest technology in laptop category.",46160.47,Laptop,Macbook,Premium,TRUE,https://images.unsplash.com/photo-1517336715481-b51218b51d1a?q=80&w=800&auto=format&fit=crop,49
Macbook Laptop Model E 2025,"This is a premium Macbook Laptop Model E 2025 designed for ultimate performance and style. Featuring the latest technology in laptop category.",9088.79,Laptop,Macbook,Premium,TRUE,https://images.unsplash.com/photo-1517336715481-b51218b51d1a?q=80&w=800&auto=format&fit=crop,52
Macbook Laptop Model F 2026,"This is a premium Macbook Laptop Model F 2026 designed for ultimate performance and style. Featuring the latest technology in laptop category.",38815.18,Laptop,Macbook,Premium,TRUE,https://images.unsplash.com/photo-1517336715481-b51218b51d1a?q=80&w=800&auto=format&fit=crop,15
Macbook Laptop Model G 2027,"This is a premium Macbook Laptop Model G 2027 designed for ultimate performance and style. Featuring the latest technology in laptop category.",32927.60,Laptop,Macbook,Premium,FALSE,https://images.unsplash.com/photo-1517336715481-b51218b51d1a?q=80&w=800&auto=format&fit=crop,0
Macbook Laptop Model H 2028,"This is a premium Macbook Laptop Model H 2028 designed for ultimate performance and style. Featuring the latest technology in laptop category.",22101.50,Laptop,Macbook,Premium,FALSE,https://images.unsplash.com/photo-1517336715481-b51218b51d1a?q=80&w=800&auto=format&fit=crop,0
Macbook Laptop Model I 2029,"This is a premium Macbook Laptop Model I 2029 designed for ultimate performance and style. Featuring the latest technology in laptop category.",42153.71,Laptop,Macbook,Premium,TRUE,https://images.unsplash.com/photo-1517336715481-b51218b51d1a?q=80&w=800&auto=format&fit=crop,72
Macbook Laptop Model J 2030,"This is a premium Macbook Laptop Model J 2030 designed for ultimate performance and style. Featuring the latest technology in laptop category.",27214.52,Laptop,Macbook,Premium,TRUE,https://images.unsplash.com/photo-1517336715481-b51218b51d1a?q=80&w=800&auto=format&fit=crop,99
Samsung Laptop Model A 2021,"This is a premium Samsung Laptop Model A 2021 designed for ultimate performance and style. Featuring the latest technology in laptop category.",25032.59,Laptop,Samsung,Premium,TRUE,https://images.unsplash.com/photo-1496181133206-80ce9b88a853?q=80&w=800&auto=format&fit=crop,64
Samsung Laptop Model B 2022,"This is a premium Samsung Laptop Model B 2022 designed for ultimate performance and style. Featuring the latest technology in laptop category.",49051.97,Laptop,Samsung,Premium,TRUE,https://images.unsplash.com/photo-1496181133206-80ce9b88a853?q=80&w=800&auto=format&fit=crop,94
Samsung Laptop Model C 2023,"This is a premium Samsung Laptop Model C 2023 designed for ultimate performance and style. Featuring the latest technology in laptop category.",19901.48,Laptop,Samsung,Premium,TRUE,https://images.unsplash.com/photo-1496181133206-80ce9b88a853?q=80&w=800&auto=format&fit=crop,34
Samsung Laptop Model D 2024,"This is a premium Samsung Laptop Model D 2024 designed for ultimate performance and style. Featuring the latest technology in laptop category.",42237.54,Laptop,Samsung,Premium,TRUE,https://images.unsplash.com/photo-1496181133206-80ce9b88a853?q=80&w=800&auto=format&fit=crop,53
Samsung Laptop Model E 2025,"This is a premium Samsung Laptop Model E 2025 designed for ultimate performance and style. Featuring the latest technology in laptop category.",45765.44,Laptop,Samsung,Premium,FALSE,https://images.unsplash.com/photo-1496181133206-80ce9b88a853?q=80&w=800&auto=format&fit=crop,0
Samsung Laptop Model F 2026,"This is a premium Samsung Laptop Model F 2026 designed for ultimate performance and style. Featuring the latest technology in laptop category.",7704.12,Laptop,Samsung,Premium,TRUE,https://images.unsplash.com/photo-1496181133206-80ce9b88a853?q=80&w=800&auto=format&fit=crop,26
Samsung Laptop Model G 2027,"This is a premium Samsung Laptop Model G 2027 designed for ultimate performance and style. Featuring the latest technology in laptop category.",9808.08,Laptop,Samsung,Premium,FALSE,https://images.unsplash.com/photo-1496181133206-80ce9b88a853?q=80&w=800&auto=format&fit=crop,0
Samsung Laptop Model H 2028,"This is a premium Samsung Laptop Model H 2028 designed for ultimate performance and style. Featuring the latest technology in laptop category.",6272.38,Laptop,Samsung,Premium,TRUE,https://images.unsplash.com/photo-1496181133206-80ce9b88a853?q=80&w=800&auto=format&fit=crop,88
Samsung Laptop Model I 2029,"This is a premium Samsung Laptop Model I 2029 designed for ultimate performance and style. Featuring the latest technology in laptop category.",39398.73,Laptop,Samsung,Premium,TRUE,https://images.unsplash.com/photo-1496181133206-80ce9b88a853?q=80&w=800&auto=format&fit=crop,66
Samsung Laptop Model J 2030,"This is a premium Samsung Laptop Model J 2030 designed for ultimate performance and style. Featuring the latest technology in laptop category.",17998.89,Laptop,Samsung,Premium,TRUE,https://images.unsplash.com/photo-1496181133206-80ce9b88a853?q=80&w=800&auto=format&fit=crop,86
Asus Laptop Model A 2021,"This is a premium Asus Laptop Model A 2021 designed for ultimate performance and style. Featuring the latest technology in laptop category.",41856.95,Laptop,Asus,Premium,TRUE,https://images.unsplash.com/photo-1603302576837-37561b2e2302?q=80&w=800&auto=format&fit=crop,49
Asus Laptop Model B 2022,"This is a premium Asus Laptop Model B 2022 designed for ultimate performance and style. Featuring the latest technology in laptop category.",14771.17,Laptop,Asus,Premium,TRUE,https://images.unsplash.com/photo-1603302576837-37561b2e2302?q=80&w=800&auto=format&fit=crop,73
Asus Laptop Model C 2023,"This is a premium Asus Laptop Model C 2023 designed for ultimate performance and style. Featuring the latest technology in laptop category.",7810.69,Laptop,Asus,Premium,TRUE,https://images.unsplash.com/photo-1603302576837-37561b2e2302?q=80&w=800&auto=format&fit=crop,35
Asus Laptop Model D 2024,"This is a premium Asus Laptop Model D 2024 designed for ultimate performance and style. Featuring the latest technology in laptop category.",16891.02,Laptop,Asus,Premium,TRUE,https://images.unsplash.com/photo-1603302576837-37561b2e2302?q=80&w=800&auto=format&fit=crop,65
Asus Laptop Model E 2025,"This is a premium Asus Laptop Model E 2025 designed for ultimate performance and style. Featuring the latest technology in laptop category.",10759.38,Laptop,Asus,Premium,TRUE,https://images.unsplash.com/photo-1603302576837-37561b2e2302?q=80&w=800&auto=format&fit=crop,59
Asus Laptop Model F 2026,"This is a premium Asus Laptop Model F 2026 designed for ultimate performance and style. Featuring the latest technology in laptop category.",30444.70,Laptop,Asus,Premium,TRUE,https://images.unsplash.com/photo-1603302576837-37561b2e2302?q=80&w=800&auto=format&fit=crop,20
Asus Laptop Model G 2027,"This is a premium Asus Laptop Model G 2027 designed for ultimate performance and style. Featuring the latest technology in laptop category.",26582.22,Laptop,Asus,Premium,TRUE,https://images.unsplash.com/photo-1603302576837-37561b2e2302?q=80&w=800&auto=format&fit=crop,35
Asus Laptop Model H 2028,"This is a premium Asus Laptop Model H 2028 designed for ultimate performance and style. Featuring the latest technology in laptop category.",29914.73,Laptop,Asus,Premium,FALSE,https://images.unsplash.com/photo-1603302576837-37561b2e2302?q=80&w=800&auto=format&fit=crop,0
Asus Laptop Model I 2029,"This is a premium Asus Laptop Model I 2029 designed for ultimate performance and style. Featuring the latest technology in laptop category.",26626.20,Laptop,Asus,Premium,TRUE,https://images.unsplash.com/photo-1603302576837-37561b2e2302?q=80&w=800&auto=format&fit=crop,19
Asus Laptop Model J 2030,"This is a premium Asus Laptop Model J 2030 designed for ultimate performance and style. Featuring the latest technology in laptop category.",25942.82,Laptop,Asus,Premium,TRUE,https://images.unsplash.com/photo-1603302576837-37561b2e2302?q=80&w=800&auto=format&fit=crop,11
Acer Laptop Model A 2021,"This is a premium Acer Laptop Model A 2021 designed for ultimate performance and style. Featuring the latest technology in laptop category.",26883.91,Laptop,Acer,Standard,TRUE,https://images.unsplash.com/photo-1525547719571-a2d4ac8945e2?q=80&w=800&auto=format&fit=crop,91
Acer Laptop Model B 2022,"This is a premium Acer Laptop Model B 2022 designed for ultimate performance and style. Featuring the latest technology in laptop category.",19683.71,Laptop,Acer,Standard,TRUE,https://images.unsplash.com/photo-1525547719571-a2d4ac8945e2?q=80&w=800&auto=format&fit=crop,59
Acer Laptop Model C 2023,"This is a premium Acer Laptop Model C 2023 designed for ultimate performance and style. Featuring the latest technology in laptop category.",20749.11,Laptop,Acer,Standard,TRUE,https://images.unsplash.com/photo-1525547719571-a2d4ac8945e2?q=80&w=800&auto=format&fit=crop,97
Acer Laptop Model D 2024,"This is a premium Acer Laptop Model D 2024 designed for ultimate performance and style. Featuring the latest technology in laptop category.",16703.55,Laptop,Acer,Standard,FALSE,https://images.unsplash.com/photo-1525547719571-a2d4ac8945e2?q=80&w=800&auto=format&fit=crop,0
Acer Laptop Model E 2025,"This is a premium Acer Laptop Model E 2025 designed for ultimate performance and style. Featuring the latest technology in laptop category.",18137.30,Laptop,Acer,Standard,TRUE,https://images.unsplash.com/photo-1525547719571-a2d4ac8945e2?q=80&w=800&auto=format&fit=crop,32
Acer Laptop Model F 2026,"This is a premium Acer Laptop Model F 2026 designed for ultimate performance and style. Featuring the latest technology in laptop category.",12582.05,Laptop,Acer,Standard,TRUE,https://images.unsplash.com/photo-1525547719571-a2d4ac8945e2?q=80&w=800&auto=format&fit=crop,32
Acer Laptop Model G 2027,"This is a premium Acer Laptop Model G 2027 designed for ultimate performance and style. Featuring the latest technology in laptop category.",24578.42,Laptop,Acer,Standard,TRUE,https://images.unsplash.com/photo-1525547719571-a2d4ac8945e2?q=80&w=800&auto=format&fit=crop,70
Acer Laptop Model H 2028,"This is a premium Acer Laptop Model H 2028 designed for ultimate performance and style. Featuring the latest technology in laptop category.",43236.91,Laptop,Acer,Standard,FALSE,https://images.unsplash.com/photo-1525547719571-a2d4ac8945e2?q=80&w=800&auto=format&fit=crop,0
Acer Laptop Model I 2029,"This is a premium Acer Laptop Model I 2029 designed for ultimate performance and style. Featuring the latest technology in laptop category.",10384.96,Laptop,Acer,Standard,TRUE,https://images.unsplash.com/photo-1525547719571-a2d4ac8945e2?q=80&w=800&auto=format&fit=crop,34
Acer Laptop Model J 2030,"This is a premium Acer Laptop Model J 2030 designed for ultimate performance and style. Featuring the latest technology in laptop category.",19438.21,Laptop,Acer,Standard,TRUE,https://images.unsplash.com/photo-1525547719571-a2d4ac8945e2?q=80&w=800&auto=format&fit=crop,46
Lenovo Laptop Model A 2021,"This is a premium Lenovo Laptop Model A 2021 designed for ultimate performance and style. Featuring the latest technology in laptop category.",24739.86,Laptop,Lenovo,Standard,TRUE,https://images.unsplash.com/photo-1588872657578-7efd1f1555ed?q=80&w=800&auto=format&fit=crop,90
Lenovo Laptop Model B 2022,"This is a premium Lenovo Laptop Model B 2022 designed for ultimate performance and style. Featuring the latest technology in laptop category.",34894.74,Laptop,Lenovo,Standard,TRUE,https://images.unsplash.com/photo-1588872657578-7efd1f1555ed?q=80&w=800&auto=format&fit=crop,90
Lenovo Laptop Model C 2023,"This is a premium Lenovo Laptop Model C 2023 designed for ultimate performance and style. Featuring the latest technology in laptop category.",26297.17,Laptop,Lenovo,Standard,TRUE,https://images.unsplash.com/photo-1588872657578-7efd1f1555ed?q=80&w=800&auto=format&fit=crop,96
Lenovo Laptop Model D 2024,"This is a premium Lenovo Laptop Model D 2024 designed for ultimate performance and style. Featuring the latest technology in laptop category.",11907.81,Laptop,Lenovo,Standard,TRUE,https://images.unsplash.com/photo-1588872657578-7efd1f1555ed?q=80&w=800&auto=format&fit=crop,59
Lenovo Laptop Model E 2025,"This is a premium Lenovo Laptop Model E 2025 designed for ultimate performance and style. Featuring the latest technology in laptop category.",9623.11,Laptop,Lenovo,Standard,TRUE,https://images.unsplash.com/photo-1588872657578-7efd1f1555ed?q=80&w=800&auto=format&fit=crop,43
Lenovo Laptop Model F 2026,"This is a premium Lenovo Laptop Model F 2026 designed for ultimate performance and style. Featuring the latest technology in laptop category.",24771.91,Laptop,Lenovo,Standard,TRUE,https://images.unsplash.com/photo-1588872657578-7efd1f1555ed?q=80&w=800&auto=format&fit=crop,42
Lenovo Laptop Model G 2027,"This is a premium Lenovo Laptop Model G 2027 designed for ultimate performance and style. Featuring the latest technology in laptop category.",20178.78,Laptop,Lenovo,Standard,TRUE,https://images.unsplash.com/photo-1588872657578-7efd1f1555ed?q=80&w=800&auto=format&fit=crop,72
Lenovo Laptop Model H 2028,"This is a premium Lenovo Laptop Model H 2028 designed for ultimate performance and style. Featuring the latest technology in laptop category.",10178.71,Laptop,Lenovo,Standard,TRUE,https://images.unsplash.com/photo-1588872657578-7efd1f1555ed?q=80&w=800&auto=format&fit=crop,43
Lenovo Laptop Model I 2029,"This is a premium Lenovo Laptop Model I 2029 designed for ultimate performance and style. Featuring the latest technology in laptop category.",22557.42,Laptop,Lenovo,Standard,TRUE,https://images.unsplash.com/photo-1588872657578-7efd1f1555ed?q=80&w=800&auto=format&fit=crop,59
Lenovo Laptop Model J 2030,"This is a premium Lenovo Laptop Model J 2030 designed for ultimate performance and style. Featuring the latest technology in laptop category.",14882.39,Laptop,Lenovo,Standard,TRUE,https://images.unsplash.com/photo-1588872657578-7efd1f1555ed?q=80&w=800&auto=format&fit=crop,43
Apple Watch Wearables Model A 2021,"This is a premium Apple Watch Wearables Model A 2021 designed for ultimate performance and style. Featuring the latest technology in wearables category.",33127.66,Wearables,Apple Watch,Premium,TRUE,https://images.unsplash.com/photo-1546868871-7041f2a55e12?q=80&w=800&auto=format&fit=crop,70
Apple Watch Wearables Model B 2022,"This is a premium Apple Watch Wearables Model B 2022 designed for ultimate performance and style. Featuring the latest technology in wearables category.",34480.50,Wearables,Apple Watch,Premium,TRUE,https://images.unsplash.com/photo-1546868871-7041f2a55e12?q=80&w=800&auto=format&fit=crop,82
Apple Watch Wearables Model C 2023,"This is a premium Apple Watch Wearables Model C 2023 designed for ultimate performance and style. Featuring the latest technology in wearables category.",34697.11,Wearables,Apple Watch,Premium,FALSE,https://images.unsplash.com/photo-1546868871-7041f2a55e12?q=80&w=800&auto=format&fit=crop,0
Apple Watch Wearables Model D 2024,"This is a premium Apple Watch Wearables Model D 2024 designed for ultimate performance and style. Featuring the latest technology in wearables category.",22412.65,Wearables,Apple Watch,Premium,TRUE,https://images.unsplash.com/photo-1546868871-7041f2a55e12?q=80&w=800&auto=format&fit=crop,73
Apple Watch Wearables Model E 2025,"This is a premium Apple Watch Wearables Model E 2025 designed for ultimate performance and style. Featuring the latest technology in wearables category.",42334.18,Wearables,Apple Watch,Premium,TRUE,https://images.unsplash.com/photo-1546868871-7041f2a55e12?q=80&w=800&auto=format&fit=crop,19
Apple Watch Wearables Model F 2026,"This is a premium Apple Watch Wearables Model F 2026 designed for ultimate performance and style. Featuring the latest technology in wearables category.",43007.81,Wearables,Apple Watch,Premium,TRUE,https://images.unsplash.com/photo-1546868871-7041f2a55e12?q=80&w=800&auto=format&fit=crop,22
Apple Watch Wearables Model G 2027,"This is a premium Apple Watch Wearables Model G 2027 designed for ultimate performance and style. Featuring the latest technology in wearables category.",33679.65,Wearables,Apple Watch,Premium,TRUE,https://images.unsplash.com/photo-1546868871-7041f2a55e12?q=80&w=800&auto=format&fit=crop,91
Apple Watch Wearables Model H 2028,"This is a premium Apple Watch Wearables Model H 2028 designed for ultimate performance and style. Featuring the latest technology in wearables category.",27760.40,Wearables,Apple Watch,Premium,TRUE,https://images.unsplash.com/photo-1546868871-7041f2a55e12?q=80&w=800&auto=format&fit=crop,76
Apple Watch Wearables Model I 2029,"This is a premium Apple Watch Wearables Model I 2029 designed for ultimate performance and style. Featuring the latest technology in wearables category.",15178.75,Wearables,Apple Watch,Premium,TRUE,https://images.unsplash.com/photo-1546868871-7041f2a55e12?q=80&w=800&auto=format&fit=crop,82
Apple Watch Wearables Model J 2030,"This is a premium Apple Watch Wearables Model J 2030 designed for ultimate performance and style. Featuring the latest technology in wearables category.",16903.77,Wearables,Apple Watch,Premium,TRUE,https://images.unsplash.com/photo-1546868871-7041f2a55e12?q=80&w=800&auto=format&fit=crop,71
Samsung Gear Wearables Model A 2021,"This is a premium Samsung Gear Wearables Model A 2021 designed for ultimate performance and style. Featuring the latest technology in wearables category.",33543.40,Wearables,Samsung Gear,Premium,TRUE,https://images.unsplash.com/photo-1523275335684-37898b6baf30?q=80&w=800&auto=format&fit=crop,59
Samsung Gear Wearables Model B 2022,"This is a premium Samsung Gear Wearables Model B 2022 designed for ultimate performance and style. Featuring the latest technology in wearables category.",37083.23,Wearables,Samsung Gear,Premium,TRUE,https://images.unsplash.com/photo-1523275335684-37898b6baf30?q=80&w=800&auto=format&fit=crop,63
Samsung Gear Wearables Model C 2023,"This is a premium Samsung Gear Wearables Model C 2023 designed for ultimate performance and style. Featuring the latest technology in wearables category.",34615.12,Wearables,Samsung Gear,Premium,TRUE,https://images.unsplash.com/photo-1523275335684-37898b6baf30?q=80&w=800&auto=format&fit=crop,98
Samsung Gear Wearables Model D 2024,"This is a premium Samsung Gear Wearables Model D 2024 designed for ultimate performance and style. Featuring the latest technology in wearables category.",6374.76,Wearables,Samsung Gear,Premium,TRUE,https://images.unsplash.com/photo-1523275335684-37898b6baf30?q=80&w=800&auto=format&fit=crop,72
Samsung Gear Wearables Model E 2025,"This is a premium Samsung Gear Wearables Model E 2025 designed for ultimate performance and style. Featuring the latest technology in wearables category.",45646.57,Wearables,Samsung Gear,Premium,TRUE,https://images.unsplash.com/photo-1523275335684-37898b6baf30?q=80&w=800&auto=format&fit=crop,86
Samsung Gear Wearables Model F 2026,"This is a premium Samsung Gear Wearables Model F 2026 designed for ultimate performance and style. Featuring the latest technology in wearables category.",12715.85,Wearables,Samsung Gear,Premium,TRUE,https://images.unsplash.com/photo-1523275335684-37898b6baf30?q=80&w=800&auto=format&fit=crop,63
Samsung Gear Wearables Model G 2027,"This is a premium Samsung Gear Wearables Model G 2027 designed for ultimate performance and style. Featuring the latest technology in wearables category.",37078.23,Wearables,Samsung Gear,Premium,TRUE,https://images.unsplash.com/photo-1523275335684-37898b6baf30?q=80&w=800&auto=format&fit=crop,14
Samsung Gear Wearables Model H 2028,"This is a premium Samsung Gear Wearables Model H 2028 designed for ultimate performance and style. Featuring the latest technology in wearables category.",23403.52,Wearables,Samsung Gear,Premium,TRUE,https://images.unsplash.com/photo-1523275335684-37898b6baf30?q=80&w=800&auto=format&fit=crop,55
Samsung Gear Wearables Model I 2029,"This is a premium Samsung Gear Wearables Model I 2029 designed for ultimate performance and style. Featuring the latest technology in wearables category.",6737.12,Wearables,Samsung Gear,Premium,TRUE,https://images.unsplash.com/photo-1523275335684-37898b6baf30?q=80&w=800&auto=format&fit=crop,54
Samsung Gear Wearables Model J 2030,"This is a premium Samsung Gear Wearables Model J 2030 designed for ultimate performance and style. Featuring the latest technology in wearables category.",38535.40,Wearables,Samsung Gear,Premium,TRUE,https://images.unsplash.com/photo-1523275335684-37898b6baf30?q=80&w=800&auto=format&fit=crop,70
Amazfit Wearables Model A 2021,"This is a premium Amazfit Wearables Model A 2021 designed for ultimate performance and style. Featuring the latest technology in wearables category.",13335.37,Wearables,Amazfit,Premium,TRUE,https://images.unsplash.com/photo-1434493907317-a46b5bc78344?q=80&w=800&auto=format&fit=crop,82
Amazfit Wearables Model B 2022,"This is a premium Amazfit Wearables Model B 2022 designed for ultimate performance and style. Featuring the latest technology in wearables category.",21799.47,Wearables,Amazfit,Premium,TRUE,https://images.unsplash.com/photo-1434493907317-a46b5bc78344?q=80&w=800&auto=format&fit=crop,61
Amazfit Wearables Model C 2023,"This is a premium Amazfit Wearables Model C 2023 designed for ultimate performance and style. Featuring the latest technology in wearables category.",20193.90,Wearables,Amazfit,Premium,TRUE,https://images.unsplash.com/photo-1434493907317-a46b5bc78344?q=80&w=800&auto=format&fit=crop,15
Amazfit Wearables Model D 2024,"This is a premium Amazfit Wearables Model D 2024 designed for ultimate performance and style. Featuring the latest technology in wearables category.",14790.12,Wearables,Amazfit,Premium,TRUE,https://images.unsplash.com/photo-1434493907317-a46b5bc78344?q=80&w=800&auto=format&fit=crop,70
Amazfit Wearables Model E 2025,"This is a premium Amazfit Wearables Model E 2025 designed for ultimate performance and style. Featuring the latest technology in wearables category.",18269.23,Wearables,Amazfit,Premium,FALSE,https://images.unsplash.com/photo-1434493907317-a46b5bc78344?q=80&w=800&auto=format&fit=crop,0
Amazfit Wearables Model F 2026,"This is a premium Amazfit Wearables Model F 2026 designed for ultimate performance and style. Featuring the latest technology in wearables category.",9721.41,Wearables,Amazfit,Premium,TRUE,https://images.unsplash.com/photo-1434493907317-a46b5bc78344?q=80&w=800&auto=format&fit=crop,75
Amazfit Wearables Model G 2027,"This is a premium Amazfit Wearables Model G 2027 designed for ultimate performance and style. Featuring the latest technology in wearables category.",14975.65,Wearables,Amazfit,Premium,TRUE,https://images.unsplash.com/photo-1434493907317-a46b5bc78344?q=80&w=800&auto=format&fit=crop,23
Amazfit Wearables Model H 2028,"This is a premium Amazfit Wearables Model H 2028 designed for ultimate performance and style. Featuring the latest technology in wearables category.",27440.95,Wearables,Amazfit,Premium,TRUE,https://images.unsplash.com/photo-1434493907317-a46b5bc78344?q=80&w=800&auto=format&fit=crop,13
Amazfit Wearables Model I 2029,"This is a premium Amazfit Wearables Model I 2029 designed for ultimate performance and style. Featuring the latest technology in wearables category.",41074.47,Wearables,Amazfit,Premium,TRUE,https://images.unsplash.com/photo-1434493907317-a46b5bc78344?q=80&w=800&auto=format&fit=crop,74
Amazfit Wearables Model J 2030,"This is a premium Amazfit Wearables Model J 2030 designed for ultimate performance and style. Featuring the latest technology in wearables category.",23504.31,Wearables,Amazfit,Premium,TRUE,https://images.unsplash.com/photo-1434493907317-a46b5bc78344?q=80&w=800&auto=format&fit=crop,33
Fitbit Wearables Model A 2021,"This is a premium Fitbit Wearables Model A 2021 designed for ultimate performance and style. Featuring the latest technology in wearables category.",27315.64,Wearables,Fitbit,Standard,TRUE,https://images.unsplash.com/photo-1508685096489-7aac291ba597?q=80&w=800&auto=format&fit=crop,84
Fitbit Wearables Model B 2022,"This is a premium Fitbit Wearables Model B 2022 designed for ultimate performance and style. Featuring the latest technology in wearables category.",39854.63,Wearables,Fitbit,Standard,TRUE,https://images.unsplash.com/photo-1508685096489-7aac291ba597?q=80&w=800&auto=format&fit=crop,81
Fitbit Wearables Model C 2023,"This is a premium Fitbit Wearables Model C 2023 designed for ultimate performance and style. Featuring the latest technology in wearables category.",36020.64,Wearables,Fitbit,Standard,TRUE,https://images.unsplash.com/photo-1508685096489-7aac291ba597?q=80&w=800&auto=format&fit=crop,57
Fitbit Wearables Model D 2024,"This is a premium Fitbit Wearables Model D 2024 designed for ultimate performance and style. Featuring the latest technology in wearables category.",22516.02,Wearables,Fitbit,Standard,TRUE,https://images.unsplash.com/photo-1508685096489-7aac291ba597?q=80&w=800&auto=format&fit=crop,59
Fitbit Wearables Model E 2025,"This is a premium Fitbit Wearables Model E 2025 designed for ultimate performance and style. Featuring the latest technology in wearables category.",25833.63,Wearables,Fitbit,Standard,TRUE,https://images.unsplash.com/photo-1508685096489-7aac291ba597?q=80&w=800&auto=format&fit=crop,59
Fitbit Wearables Model F 2026,"This is a premium Fitbit Wearables Model F 2026 designed for ultimate performance and style. Featuring the latest technology in wearables category.",45246.73,Wearables,Fitbit,Standard,TRUE,https://images.unsplash.com/photo-1508685096489-7aac291ba597?q=80&w=800&auto=format&fit=crop,90
Fitbit Wearables Model G 2027,"This is a premium Fitbit Wearables Model G 2027 designed for ultimate performance and style. Featuring the latest technology in wearables category.",19753.98,Wearables,Fitbit,Standard,TRUE,https://images.unsplash.com/photo-1508685096489-7aac291ba597?q=80&w=800&auto=format&fit=crop,48
Fitbit Wearables Model H 2028,"This is a premium Fitbit Wearables Model H 2028 designed for ultimate performance and style. Featuring the latest technology in wearables category.",45063.13,Wearables,Fitbit,Standard,TRUE,https://images.unsplash.com/photo-1508685096489-7aac291ba597?q=80&w=800&auto=format&fit=crop,68
Fitbit Wearables Model I 2029,"This is a premium Fitbit Wearables Model I 2029 designed for ultimate performance and style. Featuring the latest technology in wearables category.",31554.78,Wearables,Fitbit,Standard,TRUE,https://images.unsplash.com/photo-1508685096489-7aac291ba597?q=80&w=800&auto=format&fit=crop,13
Fitbit Wearables Model J 2030,"This is a premium Fitbit Wearables Model J 2030 designed for ultimate performance and style. Featuring the latest technology in wearables category.",9026.08,Wearables,Fitbit,Standard,TRUE,https://images.unsplash.com/photo-1508685096489-7aac291ba597?q=80&w=800&auto=format&fit=crop,95
Garmin Wearables Model A 2021,"This is a premium Garmin Wearables Model A 2021 designed for ultimate performance and style. Featuring the latest technology in wearables category.",38034.13,Wearables,Garmin,Standard,TRUE,https://images.unsplash.com/photo-1579586337278-3befd40fd17a?q=80&w=800&auto=format&fit=crop,73
Garmin Wearables Model B 2022,"This is a premium Garmin Wearables Model B 2022 designed for ultimate performance and style. Featuring the latest technology in wearables category.",14241.28,Wearables,Garmin,Standard,TRUE,https://images.unsplash.com/photo-1579586337278-3befd40fd17a?q=80&w=800&auto=format&fit=crop,43
Garmin Wearables Model C 2023,"This is a premium Garmin Wearables Model C 2023 designed for ultimate performance and style. Featuring the latest technology in wearables category.",43987.69,Wearables,Garmin,Standard,TRUE,https://images.unsplash.com/photo-1579586337278-3befd40fd17a?q=80&w=800&auto=format&fit=crop,17
Garmin Wearables Model D 2024,"This is a premium Garmin Wearables Model D 2024 designed for ultimate performance and style. Featuring the latest technology in wearables category.",43309.47,Wearables,Garmin,Standard,FALSE,https://images.unsplash.com/photo-1579586337278-3befd40fd17a?q=80&w=800&auto=format&fit=crop,0
Garmin Wearables Model E 2025,"This is a premium Garmin Wearables Model E 2025 designed for ultimate performance and style. Featuring the latest technology in wearables category.",33409.65,Wearables,Garmin,Standard,FALSE,https://images.unsplash.com/photo-1579586337278-3befd40fd17a?q=80&w=800&auto=format&fit=crop,0
Garmin Wearables Model F 2026,"This is a premium Garmin Wearables Model F 2026 designed for ultimate performance and style. Featuring the latest technology in wearables category.",41122.83,Wearables,Garmin,Standard,TRUE,https://images.unsplash.com/photo-1579586337278-3befd40fd17a?q=80&w=800&auto=format&fit=crop,33
Garmin Wearables Model G 2027,"This is a premium Garmin Wearables Model G 2027 designed for ultimate performance and style. Featuring the latest technology in wearables category.",9636.60,Wearables,Garmin,Standard,TRUE,https://images.unsplash.com/photo-1579586337278-3befd40fd17a?q=80&w=800&auto=format&fit=crop,37
Garmin Wearables Model H 2028,"This is a premium Garmin Wearables Model H 2028 designed for ultimate performance and style. Featuring the latest technology in wearables category.",42156.91,Wearables,Garmin,Standard,TRUE,https://images.unsplash.com/photo-1579586337278-3befd40fd17a?q=80&w=800&auto=format&fit=crop,33
Garmin Wearables Model I 2029,"This is a premium Garmin Wearables Model I 2029 designed for ultimate performance and style. Featuring the latest technology in wearables category.",7324.43,Wearables,Garmin,Standard,TRUE,https://images.unsplash.com/photo-1579586337278-3befd40fd17a?q=80&w=800&auto=format&fit=crop,94
Garmin Wearables Model J 2030,"This is a premium Garmin Wearables Model J 2030 designed for ultimate performance and style. Featuring the latest technology in wearables category.",24759.80,Wearables,Garmin,Standard,TRUE,https://images.unsplash.com/photo-1579586337278-3befd40fd17a?q=80&w=800&auto=format&fit=crop,83
Sony Audio Model A 2021,"This is a premium Sony Audio Model A 2021 designed for ultimate performance and style. Featuring the latest technology in audio category.",36124.77,Audio,Sony,Premium,TRUE,https://images.unsplash.com/photo-1505740420928-5e560c06d30e?q=80&w=800&auto=format&fit=crop,70
Sony Audio Model B 2022,"This is a premium Sony Audio Model B 2022 designed for ultimate performance and style. Featuring the latest technology in audio category.",10682.74,Audio,Sony,Premium,TRUE,https://images.unsplash.com/photo-1505740420928-5e560c06d30e?q=80&w=800&auto=format&fit=crop,80
Sony Audio Model C 2023,"This is a premium Sony Audio Model C 2023 designed for ultimate performance and style. Featuring the latest technology in audio category.",42999.50,Audio,Sony,Premium,TRUE,https://images.unsplash.com/photo-1505740420928-5e560c06d30e?q=80&w=800&auto=format&fit=crop,11
Sony Audio Model D 2024,"This is a premium Sony Audio Model D 2024 designed for ultimate performance and style. Featuring the latest technology in audio category.",48738.93,Audio,Sony,Premium,TRUE,https://images.unsplash.com/photo-1505740420928-5e560c06d30e?q=80&w=800&auto=format&fit=crop,16
Sony Audio Model E 2025,"This is a premium Sony Audio Model E 2025 designed for ultimate performance and style. Featuring the latest technology in audio category.",34884.49,Audio,Sony,Premium,TRUE,https://images.unsplash.com/photo-1505740420928-5e560c06d30e?q=80&w=800&auto=format&fit=crop,62
Sony Audio Model F 2026,"This is a premium Sony Audio Model F 2026 designed for ultimate performance and style. Featuring the latest technology in audio category.",38322.35,Audio,Sony,Premium,FALSE,https://images.unsplash.com/photo-1505740420928-5e560c06d30e?q=80&w=800&auto=format&fit=crop,0
Sony Audio Model G 2027,"This is a premium Sony Audio Model G 2027 designed for ultimate performance and style. Featuring the latest technology in audio category.",34473.78,Audio,Sony,Premium,TRUE,https://images.unsplash.com/photo-1505740420928-5e560c06d30e?q=80&w=800&auto=format&fit=crop,12
Sony Audio Model H 2028,"This is a premium Sony Audio Model H 2028 designed for ultimate performance and style. Featuring the latest technology in audio category.",23393.62,Audio,Sony,Premium,TRUE,https://images.unsplash.com/photo-1505740420928-5e560c06d30e?q=80&w=800&auto=format&fit=crop,12
Sony Audio Model I 2029,"This is a premium Sony Audio Model I 2029 designed for ultimate performance and style. Featuring the latest technology in audio category.",40951.55,Audio,Sony,Premium,TRUE,https://images.unsplash.com/photo-1505740420928-5e560c06d30e?q=80&w=800&auto=format&fit=crop,45
Sony Audio Model J 2030,"This is a premium Sony Audio Model J 2030 designed for ultimate performance and style. Featuring the latest technology in audio category.",29565.91,Audio,Sony,Premium,TRUE,https://images.unsplash.com/photo-1505740420928-5e560c06d30e?q=80&w=800&auto=format&fit=crop,66
Bose Audio Model A 2021,"This is a premium Bose Audio Model A 2021 designed for ultimate performance and style. Featuring the latest technology in audio category.",10272.28,Audio,Bose,Premium,TRUE,https://images.unsplash.com/photo-1590658268037-6bf12165a8df?q=80&w=800&auto=format&fit=crop,46
Bose Audio Model B 2022,"This is a premium Bose Audio Model B 2022 designed for ultimate performance and style. Featuring the latest technology in audio category.",46020.91,Audio,Bose,Premium,TRUE,https://images.unsplash.com/photo-1590658268037-6bf12165a8df?q=80&w=800&auto=format&fit=crop,13
Bose Audio Model C 2023,"This is a premium Bose Audio Model C 2023 designed for ultimate performance and style. Featuring the latest technology in audio category.",25612.66,Audio,Bose,Premium,TRUE,https://images.unsplash.com/photo-1590658268037-6bf12165a8df?q=80&w=800&auto=format&fit=crop,88
Bose Audio Model D 2024,"This is a premium Bose Audio Model D 2024 designed for ultimate performance and style. Featuring the latest technology in audio category.",38705.80,Audio,Bose,Premium,TRUE,https://images.unsplash.com/photo-1590658268037-6bf12165a8df?q=80&w=800&auto=format&fit=crop,40
Bose Audio Model E 2025,"This is a premium Bose Audio Model E 2025 designed for ultimate performance and style. Featuring the latest technology in audio category.",33166.28,Audio,Bose,Premium,TRUE,https://images.unsplash.com/photo-1590658268037-6bf12165a8df?q=80&w=800&auto=format&fit=crop,62
Bose Audio Model F 2026,"This is a premium Bose Audio Model F 2026 designed for ultimate performance and style. Featuring the latest technology in audio category.",21364.24,Audio,Bose,Premium,TRUE,https://images.unsplash.com/photo-1590658268037-6bf12165a8df?q=80&w=800&auto=format&fit=crop,89
Bose Audio Model G 2027,"This is a premium Bose Audio Model G 2027 designed for ultimate performance and style. Featuring the latest technology in audio category.",37770.49,Audio,Bose,Premium,TRUE,https://images.unsplash.com/photo-1590658268037-6bf12165a8df?q=80&w=800&auto=format&fit=crop,75
Bose Audio Model H 2028,"This is a premium Bose Audio Model H 2028 designed for ultimate performance and style. Featuring the latest technology in audio category.",7856.71,Audio,Bose,Premium,TRUE,https://images.unsplash.com/photo-1590658268037-6bf12165a8df?q=80&w=800&auto=format&fit=crop,78
Bose Audio Model I 2029,"This is a premium Bose Audio Model I 2029 designed for ultimate performance and style. Featuring the latest technology in audio category.",23440.14,Audio,Bose,Premium,FALSE,https://images.unsplash.com/photo-1590658268037-6bf12165a8df?q=80&w=800&auto=format&fit=crop,0
Bose Audio Model J 2030,"This is a premium Bose Audio Model J 2030 designed for ultimate performance and style. Featuring the latest technology in audio category.",48070.21,Audio,Bose,Premium,TRUE,https://images.unsplash.com/photo-1590658268037-6bf12165a8df?q=80&w=800&auto=format&fit=crop,49
Sennheiser Audio Model A 2021,"This is a premium Sennheiser Audio Model A 2021 designed for ultimate performance and style. Featuring the latest technology in audio category.",17066.53,Audio,Sennheiser,Premium,FALSE,https://images.unsplash.com/photo-1608156639585-34052e819b87?q=80&w=800&auto=format&fit=crop,0
Sennheiser Audio Model B 2022,"This is a premium Sennheiser Audio Model B 2022 designed for ultimate performance and style. Featuring the latest technology in audio category.",13954.69,Audio,Sennheiser,Premium,FALSE,https://images.unsplash.com/photo-1608156639585-34052e819b87?q=80&w=800&auto=format&fit=crop,0
Sennheiser Audio Model C 2023,"This is a premium Sennheiser Audio Model C 2023 designed for ultimate performance and style. Featuring the latest technology in audio category.",48725.55,Audio,Sennheiser,Premium,TRUE,https://images.unsplash.com/photo-1608156639585-34052e819b87?q=80&w=800&auto=format&fit=crop,97
Sennheiser Audio Model D 2024,"This is a premium Sennheiser Audio Model D 2024 designed for ultimate performance and style. Featuring the latest technology in audio category.",42725.25,Audio,Sennheiser,Premium,TRUE,https://images.unsplash.com/photo-1608156639585-34052e819b87?q=80&w=800&auto=format&fit=crop,20
Sennheiser Audio Model E 2025,"This is a premium Sennheiser Audio Model E 2025 designed for ultimate performance and style. Featuring the latest technology in audio category.",39426.76,Audio,Sennheiser,Premium,TRUE,https://images.unsplash.com/photo-1608156639585-34052e819b87?q=80&w=800&auto=format&fit=crop,79
Sennheiser Audio Model F 2026,"This is a premium Sennheiser Audio Model F 2026 designed for ultimate performance and style. Featuring the latest technology in audio category.",42703.09,Audio,Sennheiser,Premium,TRUE,https://images.unsplash.com/photo-1608156639585-34052e819b87?q=80&w=800&auto=format&fit=crop,39
Sennheiser Audio Model G 2027,"This is a premium Sennheiser Audio Model G 2027 designed for ultimate performance and style. Featuring the latest technology in audio category.",43110.67,Audio,Sennheiser,Premium,TRUE,https://images.unsplash.com/photo-1608156639585-34052e819b87?q=80&w=800&auto=format&fit=crop,64
Sennheiser Audio Model H 2028,"This is a premium Sennheiser Audio Model H 2028 designed for ultimate performance and style. Featuring the latest technology in audio category.",11411.88,Audio,Sennheiser,Premium,TRUE,https://images.unsplash.com/photo-1608156639585-34052e819b87?q=80&w=800&auto=format&fit=crop,42
Sennheiser Audio Model I 2029,"This is a premium Sennheiser Audio Model I 2029 designed for ultimate performance and style. Featuring the latest technology in audio category.",29973.94,Audio,Sennheiser,Premium,TRUE,https://images.unsplash.com/photo-1608156639585-34052e819b87?q=80&w=800&auto=format&fit=crop,66
Sennheiser Audio Model J 2030,"This is a premium Sennheiser Audio Model J 2030 designed for ultimate performance and style. Featuring the latest technology in audio category.",46662.14,Audio,Sennheiser,Premium,TRUE,https://images.unsplash.com/photo-1608156639585-34052e819b87?q=80&w=800&auto=format&fit=crop,89
JBL Audio Model A 2021,"This is a premium JBL Audio Model A 2021 designed for ultimate performance and style. Featuring the latest technology in audio category.",23375.96,Audio,JBL,Standard,TRUE,https://images.unsplash.com/photo-1558403194-611308249627?q=80&w=800&auto=format&fit=crop,66
JBL Audio Model B 2022,"This is a premium JBL Audio Model B 2022 designed for ultimate performance and style. Featuring the latest technology in audio category.",32575.07,Audio,JBL,Standard,TRUE,https://images.unsplash.com/photo-1558403194-611308249627?q=80&w=800&auto=format&fit=crop,56
JBL Audio Model C 2023,"This is a premium JBL Audio Model C 2023 designed for ultimate performance and style. Featuring the latest technology in audio category.",18322.21,Audio,JBL,Standard,TRUE,https://images.unsplash.com/photo-1558403194-611308249627?q=80&w=800&auto=format&fit=crop,57
JBL Audio Model D 2024,"This is a premium JBL Audio Model D 2024 designed for ultimate performance and style. Featuring the latest technology in audio category.",20244.33,Audio,JBL,Standard,TRUE,https://images.unsplash.com/photo-1558403194-611308249627?q=80&w=800&auto=format&fit=crop,72
JBL Audio Model E 2025,"This is a premium JBL Audio Model E 2025 designed for ultimate performance and style. Featuring the latest technology in audio category.",10036.99,Audio,JBL,Standard,TRUE,https://images.unsplash.com/photo-1558403194-611308249627?q=80&w=800&auto=format&fit=crop,84
JBL Audio Model F 2026,"This is a premium JBL Audio Model F 2026 designed for ultimate performance and style. Featuring the latest technology in audio category.",31287.32,Audio,JBL,Standard,TRUE,https://images.unsplash.com/photo-1558403194-611308249627?q=80&w=800&auto=format&fit=crop,40
JBL Audio Model G 2027,"This is a premium JBL Audio Model G 2027 designed for ultimate performance and style. Featuring the latest technology in audio category.",35192.77,Audio,JBL,Standard,TRUE,https://images.unsplash.com/photo-1558403194-611308249627?q=80&w=800&auto=format&fit=crop,11
JBL Audio Model H 2028,"This is a premium JBL Audio Model H 2028 designed for ultimate performance and style. Featuring the latest technology in audio category.",23961.77,Audio,JBL,Standard,TRUE,https://images.unsplash.com/photo-1558403194-611308249627?q=80&w=800&auto=format&fit=crop,34
JBL Audio Model I 2029,"This is a premium JBL Audio Model I 2029 designed for ultimate performance and style. Featuring the latest technology in audio category.",27412.28,Audio,JBL,Standard,FALSE,https://images.unsplash.com/photo-1558403194-611308249627?q=80&w=800&auto=format&fit=crop,0
JBL Audio Model J 2030,"This is a premium JBL Audio Model J 2030 designed for ultimate performance and style. Featuring the latest technology in audio category.",47891.04,Audio,JBL,Standard,TRUE,https://images.unsplash.com/photo-1558403194-611308249627?q=80&w=800&auto=format&fit=crop,84
Marshall Audio Model A 2021,"This is a premium Marshall Audio Model A 2021 designed for ultimate performance and style. Featuring the latest technology in audio category.",23290.71,Audio,Marshall,Standard,TRUE,https://images.unsplash.com/photo-1545454675-3531b543be5d?q=80&w=800&auto=format&fit=crop,11
Marshall Audio Model B 2022,"This is a premium Marshall Audio Model B 2022 designed for ultimate performance and style. Featuring the latest technology in audio category.",46512.22,Audio,Marshall,Standard,TRUE,https://images.unsplash.com/photo-1545454675-3531b543be5d?q=80&w=800&auto=format&fit=crop,56
Marshall Audio Model C 2023,"This is a premium Marshall Audio Model C 2023 designed for ultimate performance and style. Featuring the latest technology in audio category.",30246.69,Audio,Marshall,Standard,TRUE,https://images.unsplash.com/photo-1545454675-3531b543be5d?q=80&w=800&auto=format&fit=crop,60
Marshall Audio Model D 2024,"This is a premium Marshall Audio Model D 2024 designed for ultimate performance and style. Featuring the latest technology in audio category.",6967.22,Audio,Marshall,Standard,TRUE,https://images.unsplash.com/photo-1545454675-3531b543be5d?q=80&w=800&auto=format&fit=crop,87
Marshall Audio Model E 2025,"This is a premium Marshall Audio Model E 2025 designed for ultimate performance and style. Featuring the latest technology in audio category.",40288.75,Audio,Marshall,Standard,TRUE,https://images.unsplash.com/photo-1545454675-3531b543be5d?q=80&w=800&auto=format&fit=crop,35
Marshall Audio Model F 2026,"This is a premium Marshall Audio Model F 2026 designed for ultimate performance and style. Featuring the latest technology in audio category.",16451.35,Audio,Marshall,Standard,TRUE,https://images.unsplash.com/photo-1545454675-3531b543be5d?q=80&w=800&auto=format&fit=crop,32
Marshall Audio Model G 2027,"This is a premium Marshall Audio Model G 2027 designed for ultimate performance and style. Featuring the latest technology in audio category.",43374.47,Audio,Marshall,Standard,TRUE,https://images.unsplash.com/photo-1545454675-3531b543be5d?q=80&w=800&auto=format&fit=crop,16
Marshall Audio Model H 2028,"This is a premium Marshall Audio Model H 2028 designed for ultimate performance and style. Featuring the latest technology in audio category.",16163.90,Audio,Marshall,Standard,TRUE,https://images.unsplash.com/photo-1545454675-3531b543be5d?q=80&w=800&auto=format&fit=crop,22
Marshall Audio Model I 2029,"This is a premium Marshall Audio Model I 2029 designed for ultimate performance and style. Featuring the latest technology in audio category.",5912.86,Audio,Marshall,Standard,TRUE,https://images.unsplash.com/photo-1545454675-3531b543be5d?q=80&w=800&auto=format&fit=crop,23
Marshall Audio Model J 2030,"This is a premium Marshall Audio Model J 2030 designed for ultimate performance and style. Featuring the latest technology in audio category.",14938.51,Audio,Marshall,Standard,TRUE,https://images.unsplash.com/photo-1545454675-3531b543be5d?q=80&w=800&auto=format&fit=crop,44
PlayStation Gaming Model A 2021,"This is a premium PlayStation Gaming Model A 2021 designed for ultimate performance and style. Featuring the latest technology in gaming category.",34789.69,Gaming,PlayStation,Premium,TRUE,https://images.unsplash.com/photo-1606144042614-b2417e99c4e3?q=80&w=800&auto=format&fit=crop,41
PlayStation Gaming Model B 2022,"This is a premium PlayStation Gaming Model B 2022 designed for ultimate performance and style. Featuring the latest technology in gaming category.",24729.08,Gaming,PlayStation,Premium,TRUE,https://images.unsplash.com/photo-1606144042614-b2417e99c4e3?q=80&w=800&auto=format&fit=crop,90
PlayStation Gaming Model C 2023,"This is a premium PlayStation Gaming Model C 2023 designed for ultimate performance and style. Featuring the latest technology in gaming category.",19888.64,Gaming,PlayStation,Premium,TRUE,https://images.unsplash.com/photo-1606144042614-b2417e99c4e3?q=80&w=800&auto=format&fit=crop,50
PlayStation Gaming Model D 2024,"This is a premium PlayStation Gaming Model D 2024 designed for ultimate performance and style. Featuring the latest technology in gaming category.",40354.34,Gaming,PlayStation,Premium,TRUE,https://images.unsplash.com/photo-1606144042614-b2417e99c4e3?q=80&w=800&auto=format&fit=crop,75
PlayStation Gaming Model E 2025,"This is a premium PlayStation Gaming Model E 2025 designed for ultimate performance and style. Featuring the latest technology in gaming category.",46369.85,Gaming,PlayStation,Premium,TRUE,https://images.unsplash.com/photo-1606144042614-b2417e99c4e3?q=80&w=800&auto=format&fit=crop,65
PlayStation Gaming Model F 2026,"This is a premium PlayStation Gaming Model F 2026 designed for ultimate performance and style. Featuring the latest technology in gaming category.",22656.20,Gaming,PlayStation,Premium,TRUE,https://images.unsplash.com/photo-1606144042614-b2417e99c4e3?q=80&w=800&auto=format&fit=crop,25
PlayStation Gaming Model G 2027,"This is a premium PlayStation Gaming Model G 2027 designed for ultimate performance and style. Featuring the latest technology in gaming category.",16257.20,Gaming,PlayStation,Premium,TRUE,https://images.unsplash.com/photo-1606144042614-b2417e99c4e3?q=80&w=800&auto=format&fit=crop,63
PlayStation Gaming Model H 2028,"This is a premium PlayStation Gaming Model H 2028 designed for ultimate performance and style. Featuring the latest technology in gaming category.",49917.13,Gaming,PlayStation,Premium,TRUE,https://images.unsplash.com/photo-1606144042614-b2417e99c4e3?q=80&w=800&auto=format&fit=crop,13
PlayStation Gaming Model I 2029,"This is a premium PlayStation Gaming Model I 2029 designed for ultimate performance and style. Featuring the latest technology in gaming category.",24560.23,Gaming,PlayStation,Premium,TRUE,https://images.unsplash.com/photo-1606144042614-b2417e99c4e3?q=80&w=800&auto=format&fit=crop,81
PlayStation Gaming Model J 2030,"This is a premium PlayStation Gaming Model J 2030 designed for ultimate performance and style. Featuring the latest technology in gaming category.",35702.89,Gaming,PlayStation,Premium,TRUE,https://images.unsplash.com/photo-1606144042614-b2417e99c4e3?q=80&w=800&auto=format&fit=crop,22
Xbox Gaming Model A 2021,"This is a premium Xbox Gaming Model A 2021 designed for ultimate performance and style. Featuring the latest technology in gaming category.",14405.30,Gaming,Xbox,Premium,FALSE,https://images.unsplash.com/photo-1605901309584-818e2596b78f?q=80&w=800&auto=format&fit=crop,0
Xbox Gaming Model B 2022,"This is a premium Xbox Gaming Model B 2022 designed for ultimate performance and style. Featuring the latest technology in gaming category.",24538.82,Gaming,Xbox,Premium,TRUE,https://images.unsplash.com/photo-1605901309584-818e2596b78f?q=80&w=800&auto=format&fit=crop,90
Xbox Gaming Model C 2023,"This is a premium Xbox Gaming Model C 2023 designed for ultimate performance and style. Featuring the latest technology in gaming category.",44084.38,Gaming,Xbox,Premium,TRUE,https://images.unsplash.com/photo-1605901309584-818e2596b78f?q=80&w=800&auto=format&fit=crop,80
Xbox Gaming Model D 2024,"This is a premium Xbox Gaming Model D 2024 designed for ultimate performance and style. Featuring the latest technology in gaming category.",30767.84,Gaming,Xbox,Premium,TRUE,https://images.unsplash.com/photo-1605901309584-818e2596b78f?q=80&w=800&auto=format&fit=crop,81
Xbox Gaming Model E 2025,"This is a premium Xbox Gaming Model E 2025 designed for ultimate performance and style. Featuring the latest technology in gaming category.",32252.77,Gaming,Xbox,Premium,TRUE,https://images.unsplash.com/photo-1605901309584-818e2596b78f?q=80&w=800&auto=format&fit=crop,23
Xbox Gaming Model F 2026,"This is a premium Xbox Gaming Model F 2026 designed for ultimate performance and style. Featuring the latest technology in gaming category.",5802.81,Gaming,Xbox,Premium,TRUE,https://images.unsplash.com/photo-1605901309584-818e2596b78f?q=80&w=800&auto=format&fit=crop,66
Xbox Gaming Model G 2027,"This is a premium Xbox Gaming Model G 2027 designed for ultimate performance and style. Featuring the latest technology in gaming category.",46028.68,Gaming,Xbox,Premium,TRUE,https://images.unsplash.com/photo-1605901309584-818e2596b78f?q=80&w=800&auto=format&fit=crop,99
Xbox Gaming Model H 2028,"This is a premium Xbox Gaming Model H 2028 designed for ultimate performance and style. Featuring the latest technology in gaming category.",25563.16,Gaming,Xbox,Premium,TRUE,https://images.unsplash.com/photo-1605901309584-818e2596b78f?q=80&w=800&auto=format&fit=crop,55
Xbox Gaming Model I 2029,"This is a premium Xbox Gaming Model I 2029 designed for ultimate performance and style. Featuring the latest technology in gaming category.",41557.85,Gaming,Xbox,Premium,TRUE,https://images.unsplash.com/photo-1605901309584-818e2596b78f?q=80&w=800&auto=format&fit=crop,12
Xbox Gaming Model J 2030,"This is a premium Xbox Gaming Model J 2030 designed for ultimate performance and style. Featuring the latest technology in gaming category.",44385.41,Gaming,Xbox,Premium,TRUE,https://images.unsplash.com/photo-1605901309584-818e2596b78f?q=80&w=800&auto=format&fit=crop,89
Nintendo Gaming Model A 2021,"This is a premium Nintendo Gaming Model A 2021 designed for ultimate performance and style. Featuring the latest technology in gaming category.",32564.46,Gaming,Nintendo,Premium,FALSE,https://images.unsplash.com/photo-1595164491041-944a1da79717?q=80&w=800&auto=format&fit=crop,0
Nintendo Gaming Model B 2022,"This is a premium Nintendo Gaming Model B 2022 designed for ultimate performance and style. Featuring the latest technology in gaming category.",5778.26,Gaming,Nintendo,Premium,TRUE,https://images.unsplash.com/photo-1595164491041-944a1da79717?q=80&w=800&auto=format&fit=crop,91
Nintendo Gaming Model C 2023,"This is a premium Nintendo Gaming Model C 2023 designed for ultimate performance and style. Featuring the latest technology in gaming category.",6185.20,Gaming,Nintendo,Premium,TRUE,https://images.unsplash.com/photo-1595164491041-944a1da79717?q=80&w=800&auto=format&fit=crop,17
Nintendo Gaming Model D 2024,"This is a premium Nintendo Gaming Model D 2024 designed for ultimate performance and style. Featuring the latest technology in gaming category.",17546.43,Gaming,Nintendo,Premium,TRUE,https://images.unsplash.com/photo-1595164491041-944a1da79717?q=80&w=800&auto=format&fit=crop,73
Nintendo Gaming Model E 2025,"This is a premium Nintendo Gaming Model E 2025 designed for ultimate performance and style. Featuring the latest technology in gaming category.",11264.68,Gaming,Nintendo,Premium,FALSE,https://images.unsplash.com/photo-1595164491041-944a1da79717?q=80&w=800&auto=format&fit=crop,0
Nintendo Gaming Model F 2026,"This is a premium Nintendo Gaming Model F 2026 designed for ultimate performance and style. Featuring the latest technology in gaming category.",9737.21,Gaming,Nintendo,Premium,TRUE,https://images.unsplash.com/photo-1595164491041-944a1da79717?q=80&w=800&auto=format&fit=crop,27
Nintendo Gaming Model G 2027,"This is a premium Nintendo Gaming Model G 2027 designed for ultimate performance and style. Featuring the latest technology in gaming category.",26750.10,Gaming,Nintendo,Premium,TRUE,https://images.unsplash.com/photo-1595164491041-944a1da79717?q=80&w=800&auto=format&fit=crop,18
Nintendo Gaming Model H 2028,"This is a premium Nintendo Gaming Model H 2028 designed for ultimate performance and style. Featuring the latest technology in gaming category.",34303.86,Gaming,Nintendo,Premium,TRUE,https://images.unsplash.com/photo-1595164491041-944a1da79717?q=80&w=800&auto=format&fit=crop,31
Nintendo Gaming Model I 2029,"This is a premium Nintendo Gaming Model I 2029 designed for ultimate performance and style. Featuring the latest technology in gaming category.",26907.71,Gaming,Nintendo,Premium,TRUE,https://images.unsplash.com/photo-1595164491041-944a1da79717?q=80&w=800&auto=format&fit=crop,24
Nintendo Gaming Model J 2030,"This is a premium Nintendo Gaming Model J 2030 designed for ultimate performance and style. Featuring the latest technology in gaming category.",8534.19,Gaming,Nintendo,Premium,FALSE,https://images.unsplash.com/photo-1595164491041-944a1da79717?q=80&w=800&auto=format&fit=crop,0
Razer Gaming Model A 2021,"This is a premium Razer Gaming Model A 2021 designed for ultimate performance and style. Featuring the latest technology in gaming category.",18278.71,Gaming,Razer,Standard,TRUE,https://images.unsplash.com/photo-1486401899868-0e435ed85128?q=80&w=800&auto=format&fit=crop,79
Razer Gaming Model B 2022,"This is a premium Razer Gaming Model B 2022 designed for ultimate performance and style. Featuring the latest technology in gaming category.",46535.76,Gaming,Razer,Standard,TRUE,https://images.unsplash.com/photo-1486401899868-0e435ed85128?q=80&w=800&auto=format&fit=crop,35
Razer Gaming Model C 2023,"This is a premium Razer Gaming Model C 2023 designed for ultimate performance and style. Featuring the latest technology in gaming category.",20313.41,Gaming,Razer,Standard,TRUE,https://images.unsplash.com/photo-1486401899868-0e435ed85128?q=80&w=800&auto=format&fit=crop,26
Razer Gaming Model D 2024,"This is a premium Razer Gaming Model D 2024 designed for ultimate performance and style. Featuring the latest technology in gaming category.",48682.41,Gaming,Razer,Standard,TRUE,https://images.unsplash.com/photo-1486401899868-0e435ed85128?q=80&w=800&auto=format&fit=crop,49
Razer Gaming Model E 2025,"This is a premium Razer Gaming Model E 2025 designed for ultimate performance and style. Featuring the latest technology in gaming category.",8839.47,Gaming,Razer,Standard,TRUE,https://images.unsplash.com/photo-1486401899868-0e435ed85128?q=80&w=800&auto=format&fit=crop,95
Razer Gaming Model F 2026,"This is a premium Razer Gaming Model F 2026 designed for ultimate performance and style. Featuring the latest technology in gaming category.",35201.71,Gaming,Razer,Standard,TRUE,https://images.unsplash.com/photo-1486401899868-0e435ed85128?q=80&w=800&auto=format&fit=crop,91
Razer Gaming Model G 2027,"This is a premium Razer Gaming Model G 2027 designed for ultimate performance and style. Featuring the latest technology in gaming category.",40282.67,Gaming,Razer,Standard,TRUE,https://images.unsplash.com/photo-1486401899868-0e435ed85128?q=80&w=800&auto=format&fit=crop,81
Razer Gaming Model H 2028,"This is a premium Razer Gaming Model H 2028 designed for ultimate performance and style. Featuring the latest technology in gaming category.",39537.51,Gaming,Razer,Standard,TRUE,https://images.unsplash.com/photo-1486401899868-0e435ed85128?q=80&w=800&auto=format&fit=crop,81
Razer Gaming Model I 2029,"This is a premium Razer Gaming Model I 2029 designed for ultimate performance and style. Featuring the latest technology in gaming category.",10751.24,Gaming,Razer,Standard,TRUE,https://images.unsplash.com/photo-1486401899868-0e435ed85128?q=80&w=800&auto=format&fit=crop,23
Razer Gaming Model J 2030,"This is a premium Razer Gaming Model J 2030 designed for ultimate performance and style. Featuring the latest technology in gaming category.",46244.32,Gaming,Razer,Standard,TRUE,https://images.unsplash.com/photo-1486401899868-0e435ed85128?q=80&w=800&auto=format&fit=crop,58
Logitech Gaming Model A 2021,"This is a premium Logitech Gaming Model A 2021 designed for ultimate performance and style. Featuring the latest technology in gaming category.",11040.69,Gaming,Logitech,Standard,TRUE,https://images.unsplash.com/photo-1592840331052-16e15c2c6f95?q=80&w=800&auto=format&fit=crop,11
Logitech Gaming Model B 2022,"This is a premium Logitech Gaming Model B 2022 designed for ultimate performance and style. Featuring the latest technology in gaming category.",31848.63,Gaming,Logitech,Standard,TRUE,https://images.unsplash.com/photo-1592840331052-16e15c2c6f95?q=80&w=800&auto=format&fit=crop,46
Logitech Gaming Model C 2023,"This is a premium Logitech Gaming Model C 2023 designed for ultimate performance and style. Featuring the latest technology in gaming category.",32693.20,Gaming,Logitech,Standard,TRUE,https://images.unsplash.com/photo-1592840331052-16e15c2c6f95?q=80&w=800&auto=format&fit=crop,22
Logitech Gaming Model D 2024,"This is a premium Logitech Gaming Model D 2024 designed for ultimate performance and style. Featuring the latest technology in gaming category.",42245.08,Gaming,Logitech,Standard,TRUE,https://images.unsplash.com/photo-1592840331052-16e15c2c6f95?q=80&w=800&auto=format&fit=crop,65
Logitech Gaming Model E 2025,"This is a premium Logitech Gaming Model E 2025 designed for ultimate performance and style. Featuring the latest technology in gaming category.",41485.59,Gaming,Logitech,Standard,TRUE,https://images.unsplash.com/photo-1592840331052-16e15c2c6f95?q=80&w=800&auto=format&fit=crop,73
Logitech Gaming Model F 2026,"This is a premium Logitech Gaming Model F 2026 designed for ultimate performance and style. Featuring the latest technology in gaming category.",15669.52,Gaming,Logitech,Standard,FALSE,https://images.unsplash.com/photo-1592840331052-16e15c2c6f95?q=80&w=800&auto=format&fit=crop,0
Logitech Gaming Model G 2027,"This is a premium Logitech Gaming Model G 2027 designed for ultimate performance and style. Featuring the latest technology in gaming category.",35857.86,Gaming,Logitech,Standard,TRUE,https://images.unsplash.com/photo-1592840331052-16e15c2c6f95?q=80&w=800&auto=format&fit=crop,14
Logitech Gaming Model H 2028,"This is a premium Logitech Gaming Model H 2028 designed for ultimate performance and style. Featuring the latest technology in gaming category.",14208.23,Gaming,Logitech,Standard,TRUE,https://images.unsplash.com/photo-1592840331052-16e15c2c6f95?q=80&w=800&auto=format&fit=crop,22
Logitech Gaming Model I 2029,"This is a premium Logitech Gaming Model I 2029 designed for ultimate performance and style. Featuring the latest technology in gaming category.",31191.05,Gaming,Logitech,Standard,TRUE,https://images.unsplash.com/photo-1592840331052-16e15c2c6f95?q=80&w=800&auto=format&fit=crop,96
Logitech Gaming Model J 2030,"This is a premium Logitech Gaming Model J 2030 designed for ultimate performance and style. Featuring the latest technology in gaming category.",20833.28,Gaming,Logitech,Standard,FALSE,https://images.unsplash.com/photo-1592840331052-16e15c2c6f95?q=80&w=800&auto=format&fit=crop,0
Canon Cameras Model A 2021,"This is a premium Canon Cameras Model A 2021 designed for ultimate performance and style. Featuring the latest technology in cameras category.",35096.94,Cameras,Canon,Premium,TRUE,https://images.unsplash.com/photo-1516035069371-29a1b244cc32?q=80&w=800&auto=format&fit=crop,15
Canon Cameras Model B 2022,"This is a premium Canon Cameras Model B 2022 designed for ultimate performance and style. Featuring the latest technology in cameras category.",43745.61,Cameras,Canon,Premium,TRUE,https://images.unsplash.com/photo-1516035069371-29a1b244cc32?q=80&w=800&auto=format&fit=crop,83
Canon Cameras Model C 2023,"This is a premium Canon Cameras Model C 2023 designed for ultimate performance and style. Featuring the latest technology in cameras category.",43402.45,Cameras,Canon,Premium,TRUE,https://images.unsplash.com/photo-1516035069371-29a1b244cc32?q=80&w=800&auto=format&fit=crop,16
Canon Cameras Model D 2024,"This is a premium Canon Cameras Model D 2024 designed for ultimate performance and style. Featuring the latest technology in cameras category.",41814.88,Cameras,Canon,Premium,FALSE,https://images.unsplash.com/photo-1516035069371-29a1b244cc32?q=80&w=800&auto=format&fit=crop,0
Canon Cameras Model E 2025,"This is a premium Canon Cameras Model E 2025 designed for ultimate performance and style. Featuring the latest technology in cameras category.",40486.89,Cameras,Canon,Premium,TRUE,https://images.unsplash.com/photo-1516035069371-29a1b244cc32?q=80&w=800&auto=format&fit=crop,46
Canon Cameras Model F 2026,"This is a premium Canon Cameras Model F 2026 designed for ultimate performance and style. Featuring the latest technology in cameras category.",25339.97,Cameras,Canon,Premium,TRUE,https://images.unsplash.com/photo-1516035069371-29a1b244cc32?q=80&w=800&auto=format&fit=crop,12
Canon Cameras Model G 2027,"This is a premium Canon Cameras Model G 2027 designed for ultimate performance and style. Featuring the latest technology in cameras category.",34699.66,Cameras,Canon,Premium,TRUE,https://images.unsplash.com/photo-1516035069371-29a1b244cc32?q=80&w=800&auto=format&fit=crop,67
Canon Cameras Model H 2028,"This is a premium Canon Cameras Model H 2028 designed for ultimate performance and style. Featuring the latest technology in cameras category.",33663.37,Cameras,Canon,Premium,TRUE,https://images.unsplash.com/photo-1516035069371-29a1b244cc32?q=80&w=800&auto=format&fit=crop,21
Canon Cameras Model I 2029,"This is a premium Canon Cameras Model I 2029 designed for ultimate performance and style. Featuring the latest technology in cameras category.",20299.57,Cameras,Canon,Premium,TRUE,https://images.unsplash.com/photo-1516035069371-29a1b244cc32?q=80&w=800&auto=format&fit=crop,26
Canon Cameras Model J 2030,"This is a premium Canon Cameras Model J 2030 designed for ultimate performance and style. Featuring the latest technology in cameras category.",35713.08,Cameras,Canon,Premium,TRUE,https://images.unsplash.com/photo-1516035069371-29a1b244cc32?q=80&w=800&auto=format&fit=crop,30
Nikon Cameras Model A 2021,"This is a premium Nikon Cameras Model A 2021 designed for ultimate performance and style. Featuring the latest technology in cameras category.",41239.76,Cameras,Nikon,Premium,TRUE,https://images.unsplash.com/photo-1512790182412-b19e6d62bc39?q=80&w=800&auto=format&fit=crop,64
Nikon Cameras Model B 2022,"This is a premium Nikon Cameras Model B 2022 designed for ultimate performance and style. Featuring the latest technology in cameras category.",26107.85,Cameras,Nikon,Premium,TRUE,https://images.unsplash.com/photo-1512790182412-b19e6d62bc39?q=80&w=800&auto=format&fit=crop,23
Nikon Cameras Model C 2023,"This is a premium Nikon Cameras Model C 2023 designed for ultimate performance and style. Featuring the latest technology in cameras category.",16880.48,Cameras,Nikon,Premium,TRUE,https://images.unsplash.com/photo-1512790182412-b19e6d62bc39?q=80&w=800&auto=format&fit=crop,18
Nikon Cameras Model D 2024,"This is a premium Nikon Cameras Model D 2024 designed for ultimate performance and style. Featuring the latest technology in cameras category.",28814.68,Cameras,Nikon,Premium,TRUE,https://images.unsplash.com/photo-1512790182412-b19e6d62bc39?q=80&w=800&auto=format&fit=crop,51
Nikon Cameras Model E 2025,"This is a premium Nikon Cameras Model E 2025 designed for ultimate performance and style. Featuring the latest technology in cameras category.",26339.12,Cameras,Nikon,Premium,FALSE,https://images.unsplash.com/photo-1512790182412-b19e6d62bc39?q=80&w=800&auto=format&fit=crop,0
Nikon Cameras Model F 2026,"This is a premium Nikon Cameras Model F 2026 designed for ultimate performance and style. Featuring the latest technology in cameras category.",30312.09,Cameras,Nikon,Premium,TRUE,https://images.unsplash.com/photo-1512790182412-b19e6d62bc39?q=80&w=800&auto=format&fit=crop,36
Nikon Cameras Model G 2027,"This is a premium Nikon Cameras Model G 2027 designed for ultimate performance and style. Featuring the latest technology in cameras category.",47469.90,Cameras,Nikon,Premium,TRUE,https://images.unsplash.com/photo-1512790182412-b19e6d62bc39?q=80&w=800&auto=format&fit=crop,98
Nikon Cameras Model H 2028,"This is a premium Nikon Cameras Model H 2028 designed for ultimate performance and style. Featuring the latest technology in cameras category.",16862.38,Cameras,Nikon,Premium,FALSE,https://images.unsplash.com/photo-1512790182412-b19e6d62bc39?q=80&w=800&auto=format&fit=crop,0
Nikon Cameras Model I 2029,"This is a premium Nikon Cameras Model I 2029 designed for ultimate performance and style. Featuring the latest technology in cameras category.",22410.58,Cameras,Nikon,Premium,TRUE,https://images.unsplash.com/photo-1512790182412-b19e6d62bc39?q=80&w=800&auto=format&fit=crop,22
Nikon Cameras Model J 2030,"This is a premium Nikon Cameras Model J 2030 designed for ultimate performance and style. Featuring the latest technology in cameras category.",5264.35,Cameras,Nikon,Premium,TRUE,https://images.unsplash.com/photo-1512790182412-b19e6d62bc39?q=80&w=800&auto=format&fit=crop,83
Sony Cameras Model A 2021,"This is a premium Sony Cameras Model A 2021 designed for ultimate performance and style. Featuring the latest technology in cameras category.",22844.91,Cameras,Sony,Premium,TRUE,https://images.unsplash.com/photo-1502920917128-1aa500764cbd?q=80&w=800&auto=format&fit=crop,19
Sony Cameras Model B 2022,"This is a premium Sony Cameras Model B 2022 designed for ultimate performance and style. Featuring the latest technology in cameras category.",22378.12,Cameras,Sony,Premium,TRUE,https://images.unsplash.com/photo-1502920917128-1aa500764cbd?q=80&w=800&auto=format&fit=crop,28
Sony Cameras Model C 2023,"This is a premium Sony Cameras Model C 2023 designed for ultimate performance and style. Featuring the latest technology in cameras category.",48305.37,Cameras,Sony,Premium,TRUE,https://images.unsplash.com/photo-1502920917128-1aa500764cbd?q=80&w=800&auto=format&fit=crop,32
Sony Cameras Model D 2024,"This is a premium Sony Cameras Model D 2024 designed for ultimate performance and style. Featuring the latest technology in cameras category.",27757.95,Cameras,Sony,Premium,TRUE,https://images.unsplash.com/photo-1502920917128-1aa500764cbd?q=80&w=800&auto=format&fit=crop,87
Sony Cameras Model E 2025,"This is a premium Sony Cameras Model E 2025 designed for ultimate performance and style. Featuring the latest technology in cameras category.",11341.91,Cameras,Sony,Premium,TRUE,https://images.unsplash.com/photo-1502920917128-1aa500764cbd?q=80&w=800&auto=format&fit=crop,63
Sony Cameras Model F 2026,"This is a premium Sony Cameras Model F 2026 designed for ultimate performance and style. Featuring the latest technology in cameras category.",6092.58,Cameras,Sony,Premium,TRUE,https://images.unsplash.com/photo-1502920917128-1aa500764cbd?q=80&w=800&auto=format&fit=crop,94
Sony Cameras Model G 2027,"This is a premium Sony Cameras Model G 2027 designed for ultimate performance and style. Featuring the latest technology in cameras category.",32180.78,Cameras,Sony,Premium,TRUE,https://images.unsplash.com/photo-1502920917128-1aa500764cbd?q=80&w=800&auto=format&fit=crop,32
Sony Cameras Model H 2028,"This is a premium Sony Cameras Model H 2028 designed for ultimate performance and style. Featuring the latest technology in cameras category.",24439.76,Cameras,Sony,Premium,TRUE,https://images.unsplash.com/photo-1502920917128-1aa500764cbd?q=80&w=800&auto=format&fit=crop,66
Sony Cameras Model I 2029,"This is a premium Sony Cameras Model I 2029 designed for ultimate performance and style. Featuring the latest technology in cameras category.",45744.60,Cameras,Sony,Premium,TRUE,https://images.unsplash.com/photo-1502920917128-1aa500764cbd?q=80&w=800&auto=format&fit=crop,59
Sony Cameras Model J 2030,"This is a premium Sony Cameras Model J 2030 designed for ultimate performance and style. Featuring the latest technology in cameras category.",36927.80,Cameras,Sony,Premium,TRUE,https://images.unsplash.com/photo-1502920917128-1aa500764cbd?q=80&w=800&auto=format&fit=crop,24
Fujifilm Cameras Model A 2021,"This is a premium Fujifilm Cameras Model A 2021 designed for ultimate performance and style. Featuring the latest technology in cameras category.",32969.10,Cameras,Fujifilm,Standard,TRUE,https://images.unsplash.com/photo-1617005082133-548c4dd27f35?q=80&w=800&auto=format&fit=crop,99
Fujifilm Cameras Model B 2022,"This is a premium Fujifilm Cameras Model B 2022 designed for ultimate performance and style. Featuring the latest technology in cameras category.",42483.07,Cameras,Fujifilm,Standard,TRUE,https://images.unsplash.com/photo-1617005082133-548c4dd27f35?q=80&w=800&auto=format&fit=crop,47
Fujifilm Cameras Model C 2023,"This is a premium Fujifilm Cameras Model C 2023 designed for ultimate performance and style. Featuring the latest technology in cameras category.",36429.32,Cameras,Fujifilm,Standard,TRUE,https://images.unsplash.com/photo-1617005082133-548c4dd27f35?q=80&w=800&auto=format&fit=crop,10
Fujifilm Cameras Model D 2024,"This is a premium Fujifilm Cameras Model D 2024 designed for ultimate performance and style. Featuring the latest technology in cameras category.",6473.96,Cameras,Fujifilm,Standard,TRUE,https://images.unsplash.com/photo-1617005082133-548c4dd27f35?q=80&w=800&auto=format&fit=crop,65
Fujifilm Cameras Model E 2025,"This is a premium Fujifilm Cameras Model E 2025 designed for ultimate performance and style. Featuring the latest technology in cameras category.",20544.43,Cameras,Fujifilm,Standard,TRUE,https://images.unsplash.com/photo-1617005082133-548c4dd27f35?q=80&w=800&auto=format&fit=crop,27
Fujifilm Cameras Model F 2026,"This is a premium Fujifilm Cameras Model F 2026 designed for ultimate performance and style. Featuring the latest technology in cameras category.",11082.28,Cameras,Fujifilm,Standard,FALSE,https://images.unsplash.com/photo-1617005082133-548c4dd27f35?q=80&w=800&auto=format&fit=crop,0
Fujifilm Cameras Model G 2027,"This is a premium Fujifilm Cameras Model G 2027 designed for ultimate performance and style. Featuring the latest technology in cameras category.",12080.63,Cameras,Fujifilm,Standard,TRUE,https://images.unsplash.com/photo-1617005082133-548c4dd27f35?q=80&w=800&auto=format&fit=crop,52
Fujifilm Cameras Model H 2028,"This is a premium Fujifilm Cameras Model H 2028 designed for ultimate performance and style. Featuring the latest technology in cameras category.",8905.27,Cameras,Fujifilm,Standard,TRUE,https://images.unsplash.com/photo-1617005082133-548c4dd27f35?q=80&w=800&auto=format&fit=crop,47
Fujifilm Cameras Model I 2029,"This is a premium Fujifilm Cameras Model I 2029 designed for ultimate performance and style. Featuring the latest technology in cameras category.",42795.56,Cameras,Fujifilm,Standard,TRUE,https://images.unsplash.com/photo-1617005082133-548c4dd27f35?q=80&w=800&auto=format&fit=crop,63
Fujifilm Cameras Model J 2030,"This is a premium Fujifilm Cameras Model J 2030 designed for ultimate performance and style. Featuring the latest technology in cameras category.",16581.56,Cameras,Fujifilm,Standard,FALSE,https://images.unsplash.com/photo-1617005082133-548c4dd27f35?q=80&w=800&auto=format&fit=crop,0
Panasonic Cameras Model A 2021,"This is a premium Panasonic Cameras Model A 2021 designed for ultimate performance and style. Featuring the latest technology in cameras category.",38339.39,Cameras,Panasonic,Standard,TRUE,https://images.unsplash.com/photo-1452784444945-3f422708bcea?q=80&w=800&auto=format&fit=crop,64
Panasonic Cameras Model B 2022,"This is a premium Panasonic Cameras Model B 2022 designed for ultimate performance and style. Featuring the latest technology in cameras category.",9871.15,Cameras,Panasonic,Standard,TRUE,https://images.unsplash.com/photo-1452784444945-3f422708bcea?q=80&w=800&auto=format&fit=crop,80
Panasonic Cameras Model C 2023,"This is a premium Panasonic Cameras Model C 2023 designed for ultimate performance and style. Featuring the latest technology in cameras category.",40632.60,Cameras,Panasonic,Standard,TRUE,https://images.unsplash.com/photo-1452784444945-3f422708bcea?q=80&w=800&auto=format&fit=crop,37
Panasonic Cameras Model D 2024,"This is a premium Panasonic Cameras Model D 2024 designed for ultimate performance and style. Featuring the latest technology in cameras category.",27147.41,Cameras,Panasonic,Standard,TRUE,https://images.unsplash.com/photo-1452784444945-3f422708bcea?q=80&w=800&auto=format&fit=crop,57
Panasonic Cameras Model E 2025,"This is a premium Panasonic Cameras Model E 2025 designed for ultimate performance and style. Featuring the latest technology in cameras category.",37619.41,Cameras,Panasonic,Standard,TRUE,https://images.unsplash.com/photo-1452784444945-3f422708bcea?q=80&w=800&auto=format&fit=crop,48
Panasonic Cameras Model F 2026,"This is a premium Panasonic Cameras Model F 2026 designed for ultimate performance and style. Featuring the latest technology in cameras category.",16125.22,Cameras,Panasonic,Standard,TRUE,https://images.unsplash.com/photo-1452784444945-3f422708bcea?q=80&w=800&auto=format&fit=crop,86
Panasonic Cameras Model G 2027,"This is a premium Panasonic Cameras Model G 2027 designed for ultimate performance and style. Featuring the latest technology in cameras category.",40648.05,Cameras,Panasonic,Standard,TRUE,https://images.unsplash.com/photo-1452784444945-3f422708bcea?q=80&w=800&auto=format&fit=crop,10
Panasonic Cameras Model H 2028,"This is a premium Panasonic Cameras Model H 2028 designed for ultimate performance and style. Featuring the latest technology in cameras category.",49028.31,Cameras,Panasonic,Standard,TRUE,https://images.unsplash.com/photo-1452784444945-3f422708bcea?q=80&w=800&auto=format&fit=crop,95
Panasonic Cameras Model I 2029,"This is a premium Panasonic Cameras Model I 2029 designed for ultimate performance and style. Featuring the latest technology in cameras category.",14015.73,Cameras,Panasonic,Standard,TRUE,https://images.unsplash.com/photo-1452784444945-3f422708bcea?q=80&w=800&auto=format&fit=crop,41
Panasonic Cameras Model J 2030,"This is a premium Panasonic Cameras Model J 2030 designed for ultimate performance and style. Featuring the latest technology in cameras category.",19276.73,Cameras,Panasonic,Standard,TRUE,https://images.unsplash.com/photo-1452784444945-3f422708bcea?q=80&w=800&auto=format&fit=crop,32
